Cell,normalized_dimapd,mean_ploidy,ploidy_confidence,is_high_dimapd,is_noisy,coverage_per_1Mbp
0,1.1614135979,1.6122475025,11,0,0,322
1,1.09693311816,1.7429864125,10,0,0,411
2,1.19976504183,1.52339649939,9,0,0,527
3,0.952088289354,1.87846803805,9,0,0,367
4,1.19640108568,1.68376225968,11,0,0,347
5,1.19584136141,1.63408651017,12,0,0,209
6,0.813079610666,1.96224435544,4,0,0,421
7,0.789296270982,1.96008139708,3,0,0,459
8,1.08409642177,1.76825403577,1,0,1,261
9,0.895123103234,1.96064811533,6,0,0,265
10,1.36244549098,2.44586100233,8,0,0,404
11,1.22332671757,2.57064458263,11,0,0,493
12,1.20466993622,1.56152296649,10,0,0,279
13,0.858854649726,1.92570484691,11,0,0,558
14,1.11010550121,1.62291712441,14,0,0,223
15,1.31267151197,2.2949754589,11,0,0,391
16,1.14386776168,1.64250221513,13,0,0,227
17,1.27696651806,2.28611739349,11,0,0,185
18,1.31605933815,1.51817266514,11,0,0,317
19,1.34265504615,2.26982225027,11,0,0,272
20,1.21251893663,1.54034087686,9,0,0,269
21,1.22399202437,1.52446858294,13,0,0,269
22,0.90776804372,1.95092603097,7,0,0,261
23,0.982710134943,1.80778447359,11,0,0,389
24,1.08413415002,1.67887631527,15,0,0,275
25,0.749243236658,1.96094043576,7,0,0,501
26,1.11779319489,1.69385295014,15,0,0,370
27,1.17023534831,1.64890026518,8,0,0,320
28,1.07146208904,1.7446894498,12,0,0,266
29,0.985906673797,1.8454006608,15,0,0,427
30,1.38212563584,2.38959252273,6,0,0,404
31,1.03686150539,1.83508282006,16,0,0,279
32,1.35010732091,2.26310488876,11,0,0,411
33,1.06867043371,1.78582977577,7,0,0,519
34,1.08983776005,1.66833686508,11,0,0,134
35,1.34534074783,2.38147670231,8,0,0,324
36,1.25193879846,1.51686541013,13,0,0,291
37,1.25482636262,1.5350424197700001,9,0,0,479
38,0.916586656611,1.88187335167,7,0,0,489
39,0.796823393249,1.9610321483,2,0,1,316
40,1.321446833,1.46153682463,13,0,0,467
41,1.2451341729,2.25826415522,15,0,0,143
42,1.33710562927,2.74481560284,10,0,0,399
43,1.22501832209,1.56968893176,10,0,0,315
44,1.10527967811,2.05581015891,11,0,0,321
45,1.15517101559,2.1016212306,11,0,0,388
46,1.27751694249,1.57785719857,8,0,0,529
47,1.26002321405,2.56808693125,7,0,0,155
48,1.21802455941,1.47006510361,10,0,0,295
49,1.27130123392,1.62128788362,11,0,0,475
50,1.23247703171,2.43398782754,3,0,0,729
51,1.31823681848,2.33553228918,13,0,0,355
52,1.05411111981,1.6920835047,9,0,0,367
53,1.1743833509,4.1446235873,1,0,1,124
54,1.16266892821,2.08774429534,8,0,0,167
55,0.986723165847,1.81638281881,10,0,0,513
56,0.990121619108,1.8382458255,11,0,0,442
57,0.791128763248,1.96145365861,4,0,0,521
58,1.08758273489,1.7345505618,8,0,0,495
59,1.13740128246,1.68958354012,12,0,0,348
60,1.27133316873,1.46733689718,13,0,0,385
61,1.22540875712,1.51860333215,14,0,0,248
62,0.981384740662,1.79754923165,5,0,0,463
63,1.35437741174,1.43546441496,7,0,0,567
64,1.28824191111,1.5108199325,14,0,0,385
65,1.27113284453,1.52711539826,11,0,0,399
66,1.26452836166,2.31619785239,9,0,0,289
67,1.16549271342,1.71694140168,15,0,0,354
68,1.04037252142,1.75310007444,16,0,0,174
69,1.0834715607,1.68163861642,13,0,0,329
70,1.28645093676,2.49200034041,5,0,0,295
71,1.31483881687,2.24042034206,3,0,0,190
72,0.978681892566,1.82620935147,8,0,0,498
73,1.25078389245,1.46553044267,8,0,0,316
74,1.11428443985,1.60563679797,13,0,0,212
75,1.1005538505,1.75692844331,13,0,0,393
76,1.39059386707,2.53273786298,3,0,0,428
77,1.01023808538,1.96872252942,13,0,0,273
78,1.23935850341,2.30396257177,8,0,0,207
79,1.2397525170199999,1.50797759183,10,0,0,316
80,1.3040792648,2.44632888586,5,0,0,316
81,1.22417006597,1.60193224379,11,0,0,495
82,1.21792248892,1.62804934278,10,0,0,481
83,1.20867756282,1.45386666288,11,0,0,275
84,0.815664767292,1.9538219383,12,0,0,555
85,1.07794738757,1.71238354533,9,0,0,411
86,0.762396710526,1.95880505597,2,0,1,427
87,1.1398628922,1.68073365865,10,0,0,498
88,1.00700309518,1.82337262797,9,0,0,269
89,1.17374064974,1.69525288628,16,0,0,336
90,1.29952468561,1.5138758832,9,0,0,371
91,1.17422677905,1.64007939321,15,0,0,259
92,1.12713504809,2.00119060274,18,0,0,84
93,1.21944041087,1.64696330438,14,0,0,491
94,1.19403543251,2.17185317536,7,0,0,135
95,1.0545393901,1.80635397691,12,0,0,266
96,1.23539145825,2.12885183846,12,0,0,166
97,1.12500710497,1.71676153077,12,0,0,174
98,1.38204420403,2.74983503033,4,0,0,564
99,0.81018331913,1.95050164853,8,0,0,544
100,1.05154455903,1.71567327666,7,0,0,424
101,1.23894779702,1.56441413339,11,0,0,296
102,1.25989718311,2.27639256166,11,0,0,200
103,1.18148647082,1.61200008508,12,0,0,288
104,1.18963600133,1.56811943686,10,0,0,345
105,1.24770512049,1.49532478396,9,0,0,240
106,1.01391292277,1.75888857386,10,0,0,235
107,1.42267791658,2.29040475717,9,0,0,393
108,1.20733973987,2.16982389946,13,0,0,351
109,1.22858082326,2.12534301456,12,0,0,245
110,1.0313922084,1.77950612207,14,0,0,290
111,1.27248192168,2.38585680959,8,0,0,291
112,1.30677508067,2.18527706505,2,0,1,137
113,1.10754430199,1.69094054177,8,0,0,364
114,1.29367346779,2.47816343031,9,0,0,502
115,1.21079313081,4.12329718619,2,0,1,126
116,0.861936932728,1.96282382961,10,0,0,334
117,1.18644239372,1.62455692613,12,0,0,230
118,1.07856830799,1.7598618665,12,0,0,404
119,1.25872323389,6.57063171995,7,0,0,126
120,0.973293645779,1.89218229499,11,0,0,128
121,1.1176226623,1.7434111606,10,0,0,413
122,1.19612855837,1.65947371406,14,0,0,200
123,1.36505563225,2.42752533137,12,0,0,387
124,1.25384654827,1.4963384635,-4,0,1,254
125,1.18006498935,2.11472597885,10,0,0,154
126,1.08116435581,1.6924696873,10,0,0,254
127,1.24996673758,1.57156129215,7,0,0,320
128,0.982566284508,1.81164352,15,0,0,386
129,1.09263611784,2.03060609712,7,0,0,208
130,1.00583036335,1.83945201208,13,0,0,176
131,1.29795732944,2.80525282034,8,0,0,301
132,1.1410622268,1.57452586054,9,0,0,308
133,0.776582901646,1.95911102286,6,0,0,469
134,1.23108447153,1.54427929142,14,0,0,287
135,1.04572475736,1.77778250541,10,0,0,453
136,1.26769094238,2.2662682038,11,0,0,163
137,0.914307149757,1.85662940146,12,0,0,439
138,0.963692317311,1.8274607946,9,0,0,406
139,0.863809217384,1.957682084,15,0,0,266
140,1.2132811697600001,1.94178555482,4,0,0,104
141,0.852458543668,1.91860869072,10,0,0,367
142,1.09507948688,1.72108954494,13,0,0,390
143,1.09052920371,1.65948049738,9,0,0,248
144,1.09628981198,1.74372247711,8,0,0,483
145,1.30285678973,2.14018658462,9,0,0,181
146,1.07574226576,1.77762724848,9,0,0,521
147,0.837922246327,1.89746189295,4,0,0,460
148,1.15683797722,1.66955257747,9,0,0,443
149,1.10567382987,2.03733945734,-3,0,0,173
150,1.3043513119,1.57088750346,10,0,0,367
151,1.26022099537,1.47257752144,9,0,0,426
152,1.24858661739,2.23809962577,5,0,0,109
153,1.26014221535,1.59292562546,8,0,0,321
154,1.2289456385,2.79477543148,2,0,1,251
155,0.807196101805,1.95908601083,2,0,1,373
156,1.26435722822,2.36392003347,-3,0,0,362
157,0.898805366888,1.95925093739,1,0,1,186
158,1.10562077296,1.7101479076,11,0,0,333
159,1.27183159632,2.35674547983,-3,0,0,434
160,1.34012764468,2.30713060246,11,0,0,214
161,1.19462427686,2.50262281137,4,0,0,174
162,1.12733455418,1.70912197128,13,0,0,217
163,1.13146513254,1.67487272573,8,0,0,309
164,1.25528677088,2.21045275898,10,0,0,223
165,1.23608173922,5.27297672902,-3,0,0,179
166,1.24190697993,1.55531670356,11,0,0,426
167,1.30614276544,1.46702599199,7,0,0,455
168,1.30328315037,2.32382276577,7,0,0,349
169,1.29201145293,2.70086318791,5,0,0,344
170,1.17371714554,2.13799311098,8,0,0,108
171,1.27973689276,2.45053254102,8,0,0,267
172,1.13301755392,1.65765625222,12,0,0,355
173,0.994709314264,1.84364118602,12,0,0,520
174,0.901670273375,1.8218479648300001,7,0,0,581
175,1.22202410883,2.29315845445,10,0,0,285
176,1.1601624206,1.61361058333,11,0,0,255
177,1.11313476797,1.6552525983,11,0,0,163
178,1.267694954,2.53036287949,4,0,0,300
179,1.2644332493,1.60905013979,9,0,0,571
180,1.15895168678,1.59554169472,9,0,0,149
181,1.21807114711,2.06929892961,9,0,0,169
182,0.954234067621,1.90679306017,13,0,0,361
183,1.25487711561,1.5838250312,7,0,0,452
184,1.1259590034,1.64821943836,8,0,0,367
185,1.2256599518,1.60697882113,1,0,1,157
186,1.27826242021,1.54802299943,8,0,0,369
187,1.24083352771,1.62040338875,11,0,0,188
188,1.32373948104,0.96863084185,-4,0,1,170
189,1.34149012725,2.30208665688,11,0,0,257
190,1.10024645771,1.64623260233,11,0,0,276
191,1.3307733653,2.07376189193,6,0,0,136
192,1.25513743952,5.43502512527,0,0,1,127
193,1.10478979295,1.80138782569,14,0,0,186
194,1.32068533624,2.92270390982,11,0,0,279
195,1.06747198132,1.71763329552,9,0,0,291
196,1.52179349982,1.31930817744,1,1,1,61
197,1.03042229026,1.7562222568900001,9,0,0,428
198,1.19161068452,2.50278189254,8,0,0,153
199,1.34093818162,5.79292306384,0,0,1,203
200,1.23225690531,1.60257601441,10,0,0,368
201,1.28056997863,5.16388770736,-3,0,0,108
202,1.2151761698,2.61623181828,10,0,0,287
203,0.782285262047,1.96150819812,7,0,0,397
204,1.32932470903,2.21557701306,12,0,0,265
205,1.11887206537,2.58962163848,2,0,1,105
206,1.19466262144,2.52852473893,9,0,0,199
207,1.10904969599,2.04189888676,12,0,0,251
208,0.837236210678,1.90972453646,6,0,0,444
209,1.30813542824,2.42624171305,6,0,0,168
210,1.18496117598,1.58512577211,10,0,0,381
211,1.12796276775,1.67782426778,14,0,0,526
212,1.27081168954,2.42793000475,9,0,0,326
213,1.26740486361,2.10827343739,10,0,0,140
214,0.92567266,1.94432510227,9,0,0,337
215,1.20054943545,1.57919402181,7,0,0,371
216,1.29908390233,2.12458361093,11,0,0,149
217,1.23263554268,1.55594241951,10,0,0,377
218,1.2472165933,2.49201454607,9,0,0,162
219,1.29711497086,2.26694455669,11,0,0,287
220,1.24336663668,1.50954298598,14,0,0,275
221,1.13072139205,1.73707838076,9,0,0,433
222,1.30191436765,2.44901273795,8,0,0,257
223,1.14396327864,1.70601454721,10,0,0,326
224,1.11138132526,1.78711309882,6,0,0,86
225,1.27446740885,2.54137855223,7,0,0,388
226,1.28911301291,2.31919180453,8,0,0,431
227,1.20749990579,2.13509835194,11,0,0,169
228,1.39440483943,2.3234764484,6,0,0,250
229,1.24696299858,1.62108458085,12,0,0,400
230,0.997221895241,1.8581980577,13,0,0,326
231,1.07408075142,1.64817111632,15,0,0,151
232,1.27898736251,2.31026168357,10,0,0,201
233,0.804972986742,1.96247226535,2,0,1,417
234,1.21185396225,1.51515022555,11,0,0,447
235,1.29369285843,2.33171842415,10,0,0,275
236,1.06229458162,1.76192129958,12,0,0,182
237,1.25185690787,4.03871223996,-3,0,0,342
238,1.21297759011,0.967958714946,-4,0,1,141
239,1.25126170318,1.54948655395,12,0,0,314
240,1.25899341883,1.58794743225,9,0,0,416
241,1.22691345204,1.59364027777,14,0,0,433
242,1.07265304152,2.02869212668,11,0,0,179
243,1.2874557328,2.31251285178,10,0,0,167
244,1.20173826162,1.62182210151,13,0,0,332
245,1.14140058573,1.65654739111,6,0,0,380
246,1.1646425678,5.25207159312,3,0,0,115
247,1.3338447422,2.27927774586,10,0,0,433
248,0.934419614385,1.91679544069,13,0,0,227
249,1.06209698878,1.74844216332,10,0,0,183
250,0.878229405783,1.94702446769,2,0,1,168
251,1.31013591282,5.01158199899,0,0,1,127
252,1.14546656695,1.70614063087,12,0,0,448
253,1.2279132519,1.63512794878,7,0,0,433
254,1.17486962298,1.61327169466,10,0,0,307
255,0.976005536484,1.84328971804,13,0,0,208
256,1.20033297053,1.50891546789,13,0,0,229
257,1.30629018552,2.3432711951,10,0,0,345
258,0.72432583659,1.96136173472,2,0,1,625
259,1.23359296205,2.4193042911,5,0,0,168
260,1.1879594966,1.65591542705,10,0,0,449
261,1.10980138024,1.73063211833,9,0,0,144
262,1.31068384292,2.86605216848,6,0,0,425
263,1.33138569209,2.36103743209,9,0,0,294
264,1.25016935492,1.56605045117,12,0,0,301
265,1.27725186609,1.48447508991,9,0,0,434
266,1.27236507757,2.27554065453,10,0,0,189
267,0.975484681536,1.91882410472,1,0,1,130
268,1.38656205476,2.45278227065,4,0,0,447
269,1.21989930219,2.28132820087,13,0,0,162
270,0.89930191312,1.95800017013,3,0,0,231
271,1.01566941523,1.88028268852,16,0,0,271
272,0.984847759066,1.8545495786,9,0,0,199
273,0.839993363407,1.9610067352,7,0,0,425
274,1.31809336987,2.33440644434,10,0,0,268
275,1.11239075803,1.67855041853,13,0,0,200
276,1.25545946059,2.40950097875,8,0,0,156
277,1.24920430566,2.08825176709,14,0,0,189
278,1.18087914286,2.13742292154,13,0,0,119
279,0.944047342076,1.95610627499,13,0,0,143
280,1.21577033118,1.64262620533,13,0,0,235
281,0.800071755263,1.96108665291,4,0,0,335
282,1.26934835805,1.49736894361,12,0,0,264
283,1.43844843246,2.36583721805,11,0,0,410
284,1.12482497679,2.04816408105,-3,0,0,139
285,1.11807884138,1.63691987011,15,0,0,232
286,1.1784775163,2.1567576382800002,10,0,0,210
287,1.31988468345,0.97658957694,-4,0,1,149
288,1.01185663007,1.85075134675,12,0,0,166
289,0.799739390545,3.22328637965,4,0,0,413
290,1.21610527888,1.59051818871,13,0,0,204
291,1.18603257366,4.37077146603,2,0,1,81
292,1.1901944089,1.54914557186,8,0,0,364
293,1.27625244524,2.35508838581,-4,0,1,162
294,1.28025101811,2.1478122119,11,0,0,400
295,1.25413603395,2.49743637021,3,0,0,331
296,1.25396486543,1.61856517948,12,0,0,484
297,1.06029388426,1.71664221055,9,0,0,310
298,1.16573743489,1.93324166673,2,0,1,73
299,1.17726687631,1.81721908758,1,0,1,96
300,1.04084636382,1.80279992912,19,0,0,195
301,1.16181930625,1.61117689183,14,0,0,319
302,1.33735343262,2.43452545582,8,0,0,279
303,1.22660083012,1.51702200094,6,0,0,439
304,1.22577989983,1.58344204645,11,0,0,272
305,1.39345263451,1.49967709657,7,0,0,528
306,0.956247395633,1.7673968524,7,0,0,259
307,0.99514522336,1.79465450729,12,0,0,339
308,0.926181445975,0.95635744922199994,4,0,0,417
309,0.992265821026,0.982923976608,6,0,0,317
310,1.06302818247,1.78157318344,10,0,0,176
311,1.14372673993,1.72771174902,9,0,0,497
312,1.24182726511,2.2185678424,11,0,0,245
313,1.42562159298,2.46466237988,-3,0,0,432
314,1.32753693625,2.2999985813,9,0,0,315
315,1.04142672105,1.74798028159,11,0,0,451
316,1.0978226874,1.78804104994,10,0,0,404
317,1.21645825854,1.50028358738,13,0,0,222
318,1.21705188058,2.23732888857,9,0,0,280
319,1.21008877362,6.16170236897,1,0,1,96
320,0.933003235343,1.87746609671,10,0,0,274
321,1.01375469219,1.80946575274,7,0,0,243
322,1.23772543945,2.14020997115,11,0,0,392
323,1.27390117711,1.53185560212,9,0,0,409
324,1.26337621843,2.25728685248,8,0,0,142
325,1.07157683507,1.69854468381,11,0,0,317
326,1.02516022491,1.81899797894,12,0,0,368
327,1.32851421149,2.31477081723,11,0,0,317
328,0.938055264026,1.96496973306,17,0,0,241
329,1.19285717253,1.58007881718,6,0,0,167
330,0.862072318853,1.96710064707,15,0,0,272
331,1.25958789684,1.58159437862,13,0,0,327
332,1.2285673002,2.50204897693,4,0,0,242
333,1.28009808885,2.42533275658,3,0,0,274
334,1.2637495606,2.22491172842,10,0,0,191
335,1.23816201371,2.18217793695,14,0,0,418
336,1.10935773317,1.69505753565,12,0,0,162
337,1.24888250662,1.39394648569,8,0,0,336
338,1.15472257485,1.68362507178,16,0,0,263
339,1.20059642113,1.61446936446,11,0,0,353
340,0.992805545561,1.8353593668,7,0,0,420
341,0.776830781033,1.9598834365,11,0,0,501
342,1.27340726026,1.83018145733,-4,0,1,107
343,1.1147219073,1.70423573789,10,0,0,316
344,1.30396433295,2.7078944195,10,0,0,334
345,1.18869223288,1.54627206513,8,0,0,447
346,1.11928492923,1.6930284645,10,0,0,128
347,1.07981748312,1.69205732398,13,0,0,308
348,1.15583160904,1.65147325733,10,0,0,325
349,1.04955964388,1.75702782779,15,0,0,289
350,1.18051498486,1.65867375887,11,0,0,254
351,1.28828947248,2.25094474735,12,0,0,217
352,1.32922213274,1.47187449022,9,0,0,350
353,1.35722083742,2.37710623879,-4,0,1,198
354,1.14073639069,1.71609610887,16,0,0,231
355,1.20817240087,1.53729607036,8,0,0,397
356,1.34530373405,2.46246429306,11,0,0,209
357,1.12686006925,1.71792181274,11,0,0,393
358,1.27256052352,1.50829195631,15,0,0,298
359,1.23357332005,2.87141449025,4,0,0,290
360,1.20605017793,2.20202449813,11,0,0,171
361,1.2605068154,2.78913402691,4,0,0,291
362,0.941918711605,1.84773362068,6,0,0,449
363,1.11236291281,1.7034179549,11,0,0,514
364,1.04568236192,1.76253367361,4,0,0,283
365,0.824588307378,1.96055383437,5,0,0,416
366,1.21397922823,6.45643836005,1,0,1,200
367,0.938438745118,3.62101502187,1,0,1,238
368,1.19217942879,2.23606557377,12,0,0,424
369,0.999038628669,1.99965269656,4,0,0,193
370,1.08661637312,1.76630400113,10,0,0,168
371,0.84905315884200006,1.96049991848,3,0,0,286
372,1.31632553522,2.23228690007,9,0,0,379
373,1.41295878276,2.43039106462,6,0,0,355
374,1.0458234332,1.74104054437,13,0,0,182
375,1.2972603606,2.66884019924,11,0,0,408
376,0.888776835812,1.8939084567,10,0,0,469
377,1.21237237883,2.15124686335,11,0,0,181
378,1.17888509571,1.7034422139,13,0,0,303
379,0.943830210109,0.94671053098,1,0,1,425
380,1.29139736908,2.4812725056,3,0,0,160
381,1.1039357435,1.64449721759,14,0,0,124
382,1.45905283672,2.27254534616,5,0,0,506
383,1.1426300874,1.72024168327,7,0,0,385
384,1.10169099992,1.72044909712,9,0,0,344
385,1.18708804155,1.63768671279,8,0,0,411
386,1.26969697842,2.29148020227,11,0,0,206
387,1.30340400393,1.59618957131,13,0,0,384
388,1.27493638802,1.52054007673,11,0,0,352
389,1.1769472158,2.11521694442,10,0,0,123
390,1.16936504078,1.67590432359,13,0,0,372
391,1.09122822432,1.71656825287,14,0,0,225
392,1.09856300693,1.72234980579,9,0,0,120
393,1.23712688956,3.65725120499,1,0,1,99
394,1.10841100771,1.99123310583,10,0,0,58
395,1.00797143293,1.81286520679,9,0,0,304
396,0.960138584063,1.9765259547,11,0,0,154
397,1.12933176985,1.59721277078,9,0,0,218
398,1.19294842234,2.45857344362,12,0,0,186
399,1.24928452975,1.49986879153,8,0,0,262
400,1.15795146967,1.70945629829,13,0,0,203
401,1.27588274584,2.24761121665,7,0,0,180
402,1.30561420103,2.35825518674,9,0,0,176
403,1.04953645955,2.02287419547,5,0,0,245
404,1.13610766809,1.69150045026,7,0,0,469
405,1.21374014898,2.23406789756,15,0,0,232
406,1.2738372502,2.26275999148,12,0,0,531
407,1.29574894896,1.40519265001,9,0,0,350
408,1.2086131556,1.54353545166,13,0,0,293
409,1.01514120124,1.79624271308,9,0,0,367
410,1.31156836254,2.37712855705,4,0,0,194
411,1.08595364783,1.72990547507,9,0,0,253
412,1.22296821016,1.5851419979,11,0,0,389
413,1.293191931,2.30515396669,8,0,0,236
414,1.34505340405,1.49567944152,8,0,0,448
415,1.03682039231,1.72589347116,9,0,0,356
416,0.932656909354,1.91074757412,6,0,0,168
417,0.854500854716,1.96025518341,3,0,0,241
418,0.750252111078,1.9625407628,2,0,1,552
419,1.24513852105,2.32446646395,12,0,0,154
420,1.21322306085,2.12800771336,8,0,0,299
421,1.30632165706,2.24496525316,13,0,0,252
422,1.39605047352,2.45959621048,9,0,0,377
423,0.922758555725,1.87266451192,7,0,0,328
424,1.1384031618,1.68633610847,10,0,0,507
425,1.16603564448,1.57671717566,15,0,0,245
426,0.85491049225,1.95928942574,4,0,0,285
427,0.888442194965,1.98085032495,5,0,0,190
428,0.99821396415600006,1.87899498057,11,0,0,487
429,0.998988272371,1.81042980024,9,0,0,535
430,1.14964970308,1.65352879462,14,0,0,211
431,1.2180354642,2.18824622104,12,0,0,233
432,1.19883602838,2.13730050127,10,0,0,301
433,1.26215587954,1.45306307648,-4,0,1,184
434,1.32125257384,1.56067928438,11,0,0,547
435,1.2233280326,2.47333234078,8,0,0,266
436,1.27068476902,2.11145532784,13,0,0,212
437,1.26015503847,6.91708959456,0,0,1,159
438,0.821882894325,1.95872633147,4,0,0,432
439,1.19377149017,2.46887007813,6,0,0,169
440,1.20175006436,1.53816323058,9,0,0,258
441,0.911150254973,1.95713809797,8,0,0,131
442,1.08848245814,1.77273758865,10,0,0,538
443,1.12456143465,2.155206997,10,0,0,130
444,1.19040864467,1.53340994212,10,0,0,294
445,1.25019541325,2.42164419893,7,0,0,257
446,1.06191006164,1.73510037085,9,0,0,337
447,1.32436409663,2.45407946231,7,0,0,270
448,0.778001434688,1.9619385259,3,0,0,488
449,1.24414622527,1.54635658255,10,0,0,449
450,1.15286781054,1.76163977656,-4,0,1,453
451,1.22134387868,1.49399889341,12,0,0,311
452,1.41882887461,2.74056530187,4,0,0,291
453,1.09837083113,1.6689240457,10,0,0,425
454,1.24066086897,2.26073108272,-3,0,0,332
455,1.29868173525,1.46201028186,9,0,0,328
456,1.20326036248,2.27004054897,1,0,1,126
457,1.1788328209,2.24344569288,9,0,0,331
458,1.09166246512,1.84322577445,6,0,0,68
459,1.16226562273,1.63228477056,11,0,0,172
460,1.37235842853,2.40836849757,9,0,0,321
461,1.29887045524,3.8585030734,-3,0,0,263
462,1.31380794123,2.20765604509,8,0,0,158
463,1.3441747064,2.28510336513,7,0,0,251
464,1.17481885554,1.50842025399,12,0,0,255
465,1.2029093165,2.49452606501,5,0,0,183
466,1.13427490759,1.5468262522,11,0,0,255
467,0.825529747313,1.96035301623,12,0,0,426
468,1.30180951542,1.56063818472,11,0,0,474
469,1.07911309045,1.69239222136,13,0,0,140
470,0.815578031561,1.96042362248,3,0,0,322
471,1.26735788566,2.25250033669,9,0,0,142
472,1.08995139688,1.7442297465,11,0,0,263
473,1.03465071815,2.03650349155,11,0,0,304
474,1.37596230555,2.29940540387,12,0,0,425
475,1.14785093624,1.53225463363,9,0,0,253
476,1.21220401317,2.18986372467,14,0,0,345
477,1.18739980844,2.29023819651,13,0,0,239
478,1.28531272427,2.51901958002,7,0,0,451
479,1.04938448823,1.82226223303,9,0,0,194
480,1.19267363418,1.54506535114,10,0,0,196
481,0.97347668782,1.82202331981,6,0,0,422
482,1.18082687106,6.31617964946,2,0,1,73
483,1.21349846205,1.53797342711,7,0,0,226
484,1.1078034331,2.07943428328,-3,0,0,231
485,1.16760005763,6.90204848313,0,0,1,125
486,1.2303081918,1.58978868246,10,0,0,401
487,1.27181989495,2.37276885438,11,0,0,231
488,1.02659055304,1.82120885663,13,0,0,318
489,1.28730053125,2.33843186476,9,0,0,330
490,1.17945596979,6.74754893273,1,0,1,111
491,1.20940661808,7.55036820208,0,0,1,97
492,1.31091204422,2.36123560447,9,0,0,227
493,1.19282412214,1.47752020417,4,0,0,250
494,0.983007489314,1.80786951714,10,0,0,251
495,1.2232296938,1.55507182665,11,0,0,292
496,1.05741645971,7.69192656649,2,0,1,189
497,1.17010761381,2.57182751191,2,0,1,166
498,1.24552891427,2.87993590153,9,0,0,276
499,1.25911104121,2.2870198375,9,0,0,198
500,1.11585394005,1.71016670447,14,0,0,117
501,1.19259772311,3.67810176028,3,0,0,135
502,0.966400014799,1.89515991834,10,0,0,289
503,1.31595798751,2.42141443378,-3,0,0,363
504,0.886234606308,1.94227852049,1,0,1,180
505,1.07150444839,1.74448736577,13,0,0,314
506,1.25801915334,2.30023759708,9,0,0,219
507,1.26202675815,2.42655120813,8,0,0,239
508,1.28660767788,1.55564462921,10,0,0,376
509,1.19492719772,2.50565780891,8,0,0,244
510,1.2448556337,1.55039419205,8,0,0,256
511,1.29811545524,2.14039042232,11,0,0,168
512,1.0818830343,1.74269428729,10,0,0,331
513,1.27836707059,2.97558779319,7,0,0,313
514,0.984446416389,1.82697053067,10,0,0,424
515,0.914830610121,1.91671038639,6,0,0,285
516,1.22783936391,1.49444822598,9,0,0,345
517,1.2596593963,1.53889999575,1,0,1,184
518,1.31777918234,2.32957358814,10,0,0,326
519,0.932785564766,1.92579886019,12,0,0,300
520,1.14974230614,2.12358283879,13,0,0,266
521,0.692366888548,1.95628930595,2,0,1,618
522,1.15948145455,1.61071765315,10,0,0,255
523,0.776887962552,3.11161438951,23,0,0,323
524,1.15161317298,1.68332281242,9,0,0,432
525,1.28364968063,1.5587751397,9,0,0,394
526,1.3891705198,2.27937390515,11,0,0,358
527,1.24969230474,2.22680229673,12,0,0,250
528,1.39523360335,2.42377376419,5,0,0,227
529,1.31095468639,2.46737719914,10,0,0,234
530,0.973938365151,1.82139946278,11,0,0,232
531,1.27317913416,2.42371090148,8,0,0,290
532,1.26049477362,1.51165264001,11,0,0,326
533,1.29756261122,2.16760695149,10,0,0,208
534,1.03297370318,1.77272115064,8,0,0,304
535,1.11368755852,1.72893684599,12,0,0,325
536,1.15703987686,1.52015002623,14,0,0,284
537,1.14156727387,1.60200948728,11,0,0,234
538,1.23341051876,2.4710272822,6,0,0,190
539,1.23556074041,2.31777073181,9,0,0,321
540,1.289339943,2.2601050371,5,0,0,144
541,1.3307120976,2.35939017905,10,0,0,249
542,1.17022158611,1.65084228819,8,0,0,479
543,1.17486806873,1.6690237744,13,0,0,445
544,1.2535554583,1.52705750518,8,0,0,461
545,0.938484286578,1.89639352167,13,0,0,276
546,1.18693434427,1.56462874358,12,0,0,237
547,1.11754943781,1.70816726004,9,0,0,460
548,1.12572408691,1.68247383201,13,0,0,283
549,1.1503828781,2.06245745888,13,0,0,393
550,1.17430452544,1.55611246597,14,0,0,180
551,0.846083285153,1.9596310502,5,0,0,310
552,0.999433025344,1.95972469326,1,0,1,194
553,1.29501570407,2.2694675765,8,0,0,336
554,1.00630175508,1.81017665239,15,0,0,229
555,0.916605064309,1.85780938672,9,0,0,450
556,1.62744152028,2.10996502628,6,1,1,293
557,1.31849952713,2.41820734847,8,0,0,288
558,1.39304564919,2.42063238808,7,0,0,390
559,1.01192509254,1.96242301395,14,0,0,92
560,1.22236979059,1.4771238122300001,10,0,0,299
561,1.18773575341,2.13682210928,14,0,0,172
562,1.20066579031,1.61292884596,8,0,0,418
563,0.84476366755,1.96050009574,14,0,0,373
564,1.15112264573,2.26140805107,11,0,0,295
565,1.2938465962,2.23710258374,8,0,0,196
566,0.878672430998,1.98277389856,1,0,1,219
567,1.09300359076,1.79082789906,16,0,0,264
568,0.762653970384,1.96174220129,4,0,0,623
569,1.12962462656,1.70657213754,8,0,0,334
570,1.3379238321,2.40138862294,7,0,0,345
571,1.27278799661,2.16493478877,4,0,0,129
572,1.27398087324,3.5059505667,2,0,1,162
573,1.03839450343,1.98643849115,8,0,0,177
574,1.18869020745,2.10333654746,11,0,0,244
575,1.06499238897,1.74969161621,9,0,0,368
576,1.1941643518,1.59469062952,13,0,0,361
577,1.29070327723,2.30888970912,9,0,0,385
578,0.819613085368,1.95999517929,4,0,0,402
579,1.17099706734,1.61378361902,14,0,0,202
580,1.00504843859,1.77657025379,8,0,0,325
581,1.35480866158,2.31154339673,9,0,0,237
582,1.18387546687,1.62775135219,11,0,0,221
583,1.25353058946,2.49184755639,1,0,1,187
584,1.19870823013,1.57116112837,11,0,0,250
585,1.09145732108,1.75109349856,10,0,0,300
586,0.981336558445,1.82694121234,7,0,0,406
587,1.21903722838,1.60769972901,8,0,0,512
588,0.701408242587,1.95171548295,13,0,0,677
589,1.25992640455,2.26018917692,10,0,0,264
590,1.04757410226,2.03379317189,10,0,0,207
591,1.28536917645,2.3542606303,9,0,0,363
592,0.8766802834,1.94194934483,5,0,0,317
593,0.814086879287,1.96000567195,4,0,0,466
594,1.18051031791,1.63544531715,7,0,0,150
595,1.06325202592,1.67459372075,13,0,0,168
596,1.12281538311,1.70006450378,13,0,0,165
597,1.28336486387,2.2665744975,-4,0,1,162
598,1.28027104513,2.27470672511,9,0,0,242
599,0.713304948724,3.18609022556,11,0,0,429
600,1.21970877993,2.77463290816,6,0,0,233
601,1.00781394435,1.86074370207,8,0,0,318
602,1.25290054222,1.57951459546,8,0,0,383
603,1.02521472635,1.76927713406,13,0,0,422
604,1.28873416876,2.40153325721,7,0,0,215
605,0.785799386788,1.96194257356,3,0,0,487
606,1.2862258872,2.351861838,12,0,0,309
607,0.791067344184,1.95896014405,7,0,0,442
608,1.07507345562,1.73842728813,9,0,0,349
609,1.24890484841,2.28510662432,11,0,0,268
610,1.10063188691,1.73109452207,11,0,0,214
611,1.06718768602,1.74622632814,10,0,0,346
612,0.964248095673,1.80365649634,9,0,0,363
613,1.18717763816,2.581229177,1,0,1,144
614,0.765356515954,1.9629146491,4,0,0,447
615,1.09911324039,1.74665427905,11,0,0,524
616,1.14406940874,1.92732042828,6,0,0,115
617,0.94871430482,1.83890885633,7,0,0,259
618,1.2692150203400001,2.28629049408,11,0,0,195
619,1.21390494588,1.54380219188,0,0,1,159
620,0.970372254781,1.84266676118,7,0,0,235
621,1.22749035463,2.58664341811,2,0,1,135
622,1.27823089763,6.26773422935,3,0,0,170
623,1.17098294167,2.12244550771,8,0,0,110
624,1.26773449275,1.4628387481,12,0,0,320
625,1.27349399024,2.24690473827,9,0,0,192
626,0.886852980514,1.97150106667,2,0,1,190
627,1.21917966883,1.56232630027,12,0,0,244
628,1.0515885491999999,1.75241957784,10,0,0,282
629,1.08314752316,1.64306638201,9,0,0,333
630,1.14956883423,1.62214046206,8,0,0,317
631,1.18938596628,2.52662726087,2,0,1,111
632,1.32996919926,2.59710837564,6,0,0,335
633,1.40011893264,2.73615279285,9,0,0,397
634,1.18269701109,5.78855190695,1,0,1,88
635,1.17897564173,2.44822355176,2,0,1,200
636,1.24717252517,1.48663177453,11,0,0,338
637,1.30993257802,2.3078368661,11,0,0,267
638,0.968606436521,1.97275748921,9,0,0,101
639,0.979149957896,1.87128439197,10,0,0,255
640,1.29784351069,1.67061050303,-4,0,1,189
641,1.05336291137,1.89166625325,5,0,0,76
642,1.0922092762,1.64972568366,10,0,0,125
643,1.18069193615,1.60335781742,12,0,0,221
644,1.23664404236,4.54689448917,0,0,1,95
645,1.17332265905,2.07475496276,5,0,0,94
646,1.19881088902,2.09372142963,8,0,0,102
647,1.19237766538,1.88792571854,10,0,0,99
648,1.11601411263,1.70243158939,9,0,0,209
649,0.976775245544,5.13245915583,2,0,1,156
650,1.2909302884,2.33042399319,10,0,0,249
651,0.937005539291,1.85276330249,5,0,0,359
652,1.25315375076,1.51696008391,-4,0,1,161
653,1.25209340612,2.22680580466,5,0,0,152
654,1.20183159996,2.12258993214,11,0,0,269
655,1.25093737148,2.16279893962,8,0,0,173
656,1.24625557987,2.23716908247,9,0,0,168
657,1.12325011911,1.70695523912,13,0,0,376
658,1.30832441301,7.0483283235,2,0,1,140
659,1.02486330996,1.96097996556,-3,0,0,60
660,1.06410655252,1.77371786692,12,0,0,295
661,1.25298901306,2.29342047436,11,0,0,134
662,1.2972202098,2.33457931993,-3,0,0,359
663,1.11507132354,1.71566709202,10,0,0,263
664,0.93308371074,1.92686211687,2,0,1,179
665,1.19006328435,2.5215785257,11,0,0,359
666,1.1014620561,6.59508941545,0,0,1,121
667,1.13394025207,1.64828324507,13,0,0,154
668,1.27783540245,2.23539002467,7,0,0,171
669,1.15760545078,2.52365628743,1,0,1,143
670,1.27266891649,1.48100924718,11,0,0,269
671,1.0994026569,1.70754743739,11,0,0,268
672,1.31269822576,1.5095375579,10,0,0,388
673,1.246043289,1.54738753307,12,0,0,237
674,1.31880268255,2.3283784263,10,0,0,378
675,1.10342421843,1.76976244657,11,0,0,342
676,1.03112597845,1.99519452261,11,0,0,156
677,1.28495110513,1.65979988228,12,0,0,360
678,1.2655930421,2.61286044565,4,0,0,368
679,1.11584060177,1.8738848625,6,0,0,588
680,1.20429915729,1.55045416191,12,0,0,267
681,1.33409834166,2.46075392744,7,0,0,422
682,1.1657530392,1.69649173797,11,0,0,298
683,0.916611927777,1.91837356656,11,0,0,308
684,1.24997614066,1.57349479595,11,0,0,382
685,1.21535127931,1.49668245102,12,0,0,290
686,1.22565530099,1.53955094746,9,0,0,361
687,1.13609207136,1.84087268397,12,0,0,212
688,1.26722769176,2.20523057504,11,0,0,219
689,1.06098391179,1.76954099569,15,0,0,159
690,1.08966209119,1.71869216533,13,0,0,472
691,1.20436034189,1.58950107414,13,0,0,268
692,0.944800688115,1.89400147447,15,0,0,309
693,1.22038881812,1.53546282838,5,0,0,208
694,1.26789899689,2.23110739254,10,0,0,333
695,1.26019237313,2.49495085594,9,0,0,292
696,1.22857248973,1.58835334246,9,0,0,281
697,0.883777821219,1.95773309891,2,0,1,390
698,1.19817205638,2.21669313445,-3,0,0,234
699,1.28223771925,1.49506284936,11,0,0,335
700,1.2735383165,2.41140146896,2,0,1,122
701,1.16265120075,1.63075362771,7,0,0,418
702,1.21864078315,1.50270584647,13,0,0,304
703,1.1566934006,2.06436110264,11,0,0,139
704,1.06979119784,6.36643418106,0,0,1,97
705,1.25232807116,2.23269633044,10,0,0,185
706,1.16194411803,1.61233967428,11,0,0,396
707,1.1151181212,1.63241936284,10,0,0,280
708,1.20605594435,2.17726905238,11,0,0,380
709,1.28544473033,2.33399768776,9,0,0,328
710,1.1478329227,1.59765600074,14,0,0,283
711,1.28275681536,4.21699744826,7,0,0,146
712,0.995761862094,1.89532773872,11,0,0,212
713,1.26913796708,6.21773427644,1,0,1,79
714,1.06918116114,1.75719665539,12,0,0,399
715,0.84997921173,1.96275163028,4,0,0,231
716,0.940841538894,1.91754112309,17,0,0,371
717,1.26222772717,1.56984008793,11,0,0,319
718,0.824466488268,1.92511840948,6,0,0,439
719,1.10883044604,1.67630041409,16,0,0,374
720,1.18129931309,0.953045820192,2,0,1,64
721,1.16255497878,2.09217726615,11,0,0,169
722,1.180237172,1.6668581764,11,0,0,415
723,0.815936312476,1.96118046547,3,0,0,366
724,1.04141988798,1.71177225329,13,0,0,149
725,1.25889504034,1.53587024329,13,0,0,218
726,1.07594102929,1.6784891265,12,0,0,242
727,1.33914176831,1.92664322577,8,0,0,170
728,1.2148051224,2.13236399745,12,0,0,353
729,1.3186329391,2.24329306335,12,0,0,238
730,1.26971378294,1.53114410084,12,0,0,262
731,1.21479999978,1.62783359687,13,0,0,420
732,1.28181508961,2.6643167682,5,0,0,328
733,1.16262975664,1.56802014256,8,0,0,265
734,1.01328839109,1.80496396096,13,0,0,97
735,1.21407011386,2.20423274419,-3,0,0,326
736,1.08929011294,1.76219274426,16,0,0,409
737,1.20963146017,2.15493996059,10,0,0,152
738,1.30425162644,1.52376968399,9,0,0,327
739,0.972308122092,1.8476057496,11,0,0,140
740,1.06926604966,1.74610690161,10,0,0,226
741,1.18442568057,1.61884339467,10,0,0,311
742,1.10844150627,1.7404069767399999,12,0,0,438
743,0.983405243904,5.7402571627,1,0,1,162
744,1.18647489362,1.68005956602,14,0,0,367
745,1.21518731031,4.76596046299,1,0,1,126
746,2.13816917334,2.4400847,0,1,1,143
747,1.21036586011,1.52090764049,11,0,0,251
748,1.33037248383,2.30234487453,10,0,0,190
749,1.16067850037,2.15328596551,13,0,0,284
750,1.24742123953,1.60245483166,12,0,0,212
751,1.24717997107,2.39504352511,8,0,0,155
752,0.947732348233,1.84668873468,14,0,0,352
753,0.976959271213,1.84174141171,14,0,0,329
754,1.14715355765,1.51534164221,14,0,0,227
755,1.06240545699,1.74883753898,12,0,0,165
756,0.890213868735,1.95714883091,12,0,0,224
757,1.02574654452,1.77339088036,11,0,0,137
758,1.2424941569,2.26041954867,14,0,0,395
759,1.25054159012,2.50249542741,3,0,0,214
760,1.11007075819,2.0742365506,10,0,0,78
761,1.17725428515,1.55569500876,12,0,0,232
762,0.865033529622,1.95642374155,6,0,0,219
763,1.19856167915,1.54997872039,10,0,0,504
764,1.20006451858,2.07917928067,12,0,0,215
765,1.13970875409,1.67419210786,17,0,0,197
766,0.771786423431,1.97705891944,5,0,0,392
767,1.28459679034,1.56635963326,11,0,0,349
768,1.23488292773,2.12682829945,9,0,0,160
769,1.01525823404,1.78134369086,9,0,0,218
770,1.19007341079,1.54230499295,13,0,0,272
771,1.14597158178,1.67690191184,9,0,0,444
772,1.17383076512,1.65969035681,15,0,0,396
773,1.04270189713,1.7861867525,9,0,0,303
774,1.33428737751,2.755799522,12,0,0,469
775,1.24118711509,2.2838436616,12,0,0,191
776,1.23707485177,1.66173893921,9,0,0,588
777,0.973989293654,1.8597359502,5,0,0,413
778,1.20691308625,2.40186299738,5,0,0,220
779,1.11235049868,1.75390145848,12,0,0,352
780,1.32273837894,1.45637398189,9,0,0,368
781,1.35657169813,1.50468681311,8,0,0,432
782,1.23670001356,1.48570436065,9,0,0,283
783,1.26597733792,2.79991490569,11,0,0,420
784,1.13480848132,1.57767107354,8,0,0,188
785,1.17964934873,1.74745927392,15,0,0,330
786,1.18684389017,2.10028070374,12,0,0,185
787,1.24657082622,1.58104524181,10,0,0,349
788,1.12109165555,2.06559910398,13,0,0,245
789,1.24052673322,2.23030741205,12,0,0,164
790,1.2384006109,1.56754476157,12,0,0,332
791,1.30854967506,2.3631922286,12,0,0,261
792,1.17462389941,1.62875504515,13,0,0,345
793,1.11184975262,1.71823267092,10,0,0,395
794,1.25189677548,1.5872874023,12,0,0,375
795,0.852965250489,1.94611937547,14,0,0,457
796,1.13479475638,3.83109712447,1,0,1,64
797,1.09787882444,1.64858962177,7,0,0,447
798,0.92560431749,1.88348220615,10,0,0,389
799,1.22028650073,1.49544016906,13,0,0,325
800,1.25706021767,4.50991983329,2,0,1,148
801,1.14232032165,2.5828726149,0,0,1,121
802,1.24572684102,2.65328669145,6,0,0,439
803,1.27542036784,2.44155162756,2,0,1,265
804,1.24429234427,2.40024667205,7,0,0,241
805,1.29875085311,2.20234086446,10,0,0,179
806,1.01546433753,2.00343155327,11,0,0,300
807,1.08709189049,1.73648682186,11,0,0,455
808,1.2451129166,1.48505784632,9,0,0,390
809,1.3237617955,2.15011414716,11,0,0,253
810,1.28552516815,2.3507057931,10,0,0,350
811,1.2181474703,6.79838240923,2,0,1,114
812,0.822838844582,1.96090676458,5,0,0,304
813,1.12138114214,1.70363226346,10,0,0,325
814,1.25465421957,2.963629658,2,0,1,280
815,1.3175822616,1.47683674338,13,0,0,431
816,1.09060413746,1.67999773128,13,0,0,326
817,1.04940001749,1.76641290634,13,0,0,186
818,0.900856175642,1.9597624161,2,0,1,147
819,1.09895988543,1.68384068299,7,0,0,407
820,1.20153067889,1.66311184225,8,0,0,317
821,0.944497025361,1.85665369319,7,0,0,216
822,1.18910240228,1.59812255837,13,0,0,233
823,1.3242621439,2.88678308132,12,0,0,464
824,0.854250634101,1.95827426854,10,0,0,243
825,1.22714298608,2.47990553794,4,0,0,276
826,1.15807546164,1.65578746551,13,0,0,318
827,1.25817929249,1.46672009418,10,0,0,325
828,1.34076327956,2.63377784083,6,0,0,426
829,1.23943614808,1.5382498546,9,0,0,285
830,1.31014447549,1.5804069821,13,0,0,373
831,1.22374902898,2.33433826815,12,0,0,353
832,0.890465604011,1.95881243708,4,0,0,174
833,1.34015075847,2.50429460036,-3,0,0,371
834,0.82771158627600006,1.96007969879,4,0,0,345
835,1.34208865127,1.56855359296,14,0,0,452
836,1.05342608801,1.64634085835,11,0,0,181
837,1.33997745994,2.35442535297,7,0,0,308
838,1.01020156813,1.79143005012,14,0,0,337
839,1.01176867886,1.78876823408,10,0,0,256
840,1.01522780131,1.7790513862,7,0,0,415
841,0.905210222628,1.88809641971,6,0,0,450
842,1.20658170906,2.49243423385,10,0,0,202
843,1.20172362907,1.57998397697,14,0,0,227
844,0.957751568404,1.82337594204,12,0,0,394
845,1.05714728317,1.74171002453,9,0,0,265
846,1.26568183766,2.81478356436,3,0,0,323
847,0.784711065009,1.9615351891,2,0,1,442
848,1.12512360744,1.67396343581,11,0,0,182
849,1.32051296801,2.29390376151,13,0,0,186
850,1.19470007714,1.5545234077,7,0,0,275
851,1.33647493581,2.32876722041,12,0,0,208
852,0.992708198472,1.96519415721,5,0,0,155
853,1.31455293033,2.33131222875,10,0,0,262
854,0.936657476681,1.96009075118,16,0,0,195
855,1.26990481046,1.58239248837,11,0,0,372
856,0.824994355577,1.95983101666,12,0,0,279
857,1.3086091236,1.53464784737,10,0,0,491
858,0.819238647512,1.96020189704,3,0,0,409
859,1.17543916776,1.4771184818,11,0,0,265
860,0.872055780919,1.95859473024,2,0,1,310
861,1.18330094742,1.68232324307,15,0,0,358
862,1.18992974652,1.67282374305,7,0,0,504
863,1.12562254348,1.55768098673,8,0,0,343
864,1.22841577534,2.246277335,7,0,0,127
865,1.08908671732,1.73758975849,10,0,0,266
866,0.878747899317,1.9465308495,4,0,0,301
867,1.10261334095,1.66803281595,13,0,0,420
868,1.23780554732,2.29347456185,14,0,0,228
869,0.96701371992,1.84215600102,10,0,0,401
870,0.797148261218,1.96229479133,1,0,1,362
871,1.08697442461,1.73964123653,10,0,0,316
872,1.18231317414,1.61577193107,7,0,0,500
873,1.26384859924,2.14347998696,10,0,0,236
874,1.06804737812,1.74686498142,10,0,0,350
875,1.0600908342,1.76720923308,12,0,0,286
876,1.14377105682,1.72364149312,12,0,0,207
877,1.26423747967,2.37314956611,9,0,0,278
878,1.25131241003,2.80617346107,4,0,0,301
879,1.31748697274,2.27679616402,11,0,0,405
880,1.24344559895,2.2795574625,10,0,0,372
881,1.3064895668,1.48742856333,11,0,0,353
882,1.12691895882,1.59767450105,9,0,0,186
883,1.18574766715,1.65913941139,14,0,0,339
884,1.15787746531,1.61253801601,11,0,0,248
885,0.96624208658,1.86062663444,12,0,0,203
886,1.39180350984,2.13729673788,9,0,0,193
887,1.21459738067,2.22361032331,14,0,0,239
888,0.844371591547,3.71346840971,16,0,0,348
889,1.29556793128,2.18192585658,11,0,0,235
890,1.21849008402,2.25063985764,11,0,0,198
891,1.2248355584,2.13402010692,10,0,0,219
892,1.28496889201,2.35237635979,8,0,0,191
893,1.12417637225,1.71026950355,8,0,0,367
894,1.09296065695,2.05528777998,11,0,0,181
895,1.2038389045,1.4543494756,6,0,0,235
896,1.04755996412,1.7609290586,12,0,0,354
897,0.826522333428,1.96307376032,6,0,0,423
898,1.23679951166,2.4413011727,4,0,0,274
899,0.809116500762,1.96131813283,5,0,0,434
900,1.19893120569,1.68200317649,12,0,0,245
901,1.0908358705,1.72141985643,13,0,0,458
902,1.26777010537,2.38878960656,9,0,0,277
903,1.16159823581,1.68652568747,12,0,0,209
904,1.27240312398,2.26381460411,13,0,0,253
905,1.11370890383,1.69250946419,10,0,0,161
906,1.31624474075,1.47366816067,7,0,0,396
907,0.968897124422,1.94865761347,11,0,0,156
908,1.11021866313,1.73554533276,11,0,0,327
909,1.06824267454,1.73087179778,9,0,0,515
910,1.25746638207,1.51420609653,12,0,0,383
911,1.32948552799,2.34345569046,11,0,0,269
912,1.15851717149,2.07145388312,9,0,0,131
913,1.24799167436,2.37638465357,-3,0,0,354
914,0.914675922428,1.89079037849,7,0,0,347
915,1.22307799783,1.46827867399,7,0,0,313
916,1.10932506959,1.65013721361,13,0,0,474
917,1.25517632897,1.48394531195,9,0,0,284
918,1.21481942679,2.2468602937,10,0,0,167
919,1.19445201064,1.58643690545,13,0,0,227
920,0.954947605069,1.85274268782,6,0,0,338
921,1.25821074707,2.74395217055,12,0,0,365
922,1.04062671514,2.02476813115,11,0,0,322
923,1.14254543275,2.05388147917,13,0,0,108
924,0.757714451555,1.96102063822,5,0,0,484
925,1.17141548982,1.67124083866,13,0,0,242
926,1.10568047033,1.62215794287,13,0,0,237
927,1.30043711938,1.52991616665,10,0,0,514
928,1.22225278869,2.29396163529,11,0,0,257
929,1.20467602567,2.60442762053,5,0,0,162
930,0.998423011588,1.82852525482,12,0,0,390
931,1.16821965107,1.65506216948,14,0,0,363
932,1.02973757947,1.81360162221,15,0,0,421
933,1.3004463356,2.3391453622,8,0,0,344
934,1.35729738196,2.57246407649,9,0,0,380
935,1.30497170901,2.42349887597,11,0,0,221
936,1.28554768663,2.39774024924,8,0,0,398
937,1.04811839471,1.77692967349,12,0,0,137
938,1.38010485779,2.59296543015,6,0,0,426
939,1.08355626543,2.07536262723,12,0,0,430
940,1.24218815566,2.18804783704,13,0,0,265
941,1.34967833268,2.35621264861,10,0,0,239
942,1.03791104634,1.82656222309,10,0,0,330
943,0.975853633752,1.85360424229,9,0,0,347
944,1.23317610313,1.61895032563,13,0,0,398
945,0.796733913071,1.9605926346,5,0,0,408
946,1.10876614072,1.69971575,8,0,0,331
947,1.04580901568,1.77176579003,12,0,0,197
948,1.13087806352,2.62801579593,2,0,1,326
949,0.771195303392,3.30450008507,22,0,0,461
950,0.807004746882,1.9343575419,5,0,0,501
951,0.989428676857,1.83353652486,12,0,0,110
952,1.30365240418,1.55569108574,10,0,0,457
953,1.29722820085,2.4108888416,6,0,0,402
954,0.911778471608,1.89703140177,-3,0,0,390
955,1.11712940734,1.61358753838,10,0,0,307
956,1.17810888658,1.6099257589,13,0,0,248
957,1.24352023906,2.69582293557,6,0,0,272
958,0.932958113038,1.89849565427,4,0,0,414
959,1.31792683789,2.37648118339,7,0,0,240
960,1.18632204455,1.64731364236,12,0,0,247
961,1.34989908267,2.41001872394,9,0,0,247
962,1.33963256389,2.34590610502,11,0,0,324
963,1.21453031794,1.66830696797,13,0,0,442
964,1.30823992336,2.49099881591,10,0,0,234
965,1.20652549223,2.47655812437,7,0,0,151
966,1.11675723018,3.63345031727,1,0,1,365
967,1.32456898978,2.45721964953,2,0,1,447
968,1.1259832351,1.59873248123,13,0,0,215
969,1.31073285713,2.24076818881,10,0,0,279
970,1.26346167417,1.49550047867,8,0,0,340
971,1.16655018983,1.68848785676,13,0,0,347
972,0.859718074647,1.96138443328,2,0,1,294
973,1.198304025,1.56824806905,10,0,0,447
974,1.21891010821,2.95802043667,8,0,0,293
975,1.26935234682,2.45452354284,7,0,0,172
976,0.860105218361,1.92153346752,16,0,0,323
977,1.29851561627,2.19286681268,10,0,0,151
978,1.26290408707,1.51384251086,10,0,0,205
979,1.31124942328,1.54559571164,8,0,0,388
980,1.27072765913,2.22201030891,14,0,0,221
981,1.20242278899,2.12052147283,12,0,0,323
982,0.791129080167,1.95953802306,4,0,0,368
983,1.25800618055,2.28300896877,10,0,0,203
984,1.17085266083,2.12026850775,10,0,0,246
985,1.06973237801,1.791934077,17,0,0,485
986,1.17872573821,1.72118452963,14,0,0,444
987,1.25444784597,2.32566628863,9,0,0,228
988,1.18833062481,2.26473819633,8,0,0,140
989,1.26893003929,2.45243902439,9,0,0,224
990,0.83240094861,1.95792868789,13,0,0,334
991,1.19217720191,1.49029157185,13,0,0,254
992,1.10441460929,1.79540233145,15,0,0,363
993,1.16592609166,2.07476768006,6,0,0,173
994,1.19564721512,2.11270051675,11,0,0,122
995,1.35089922054,2.31155786024,9,0,0,395
996,1.0290899311,1.8169887838,7,0,0,517
997,1.24933485883,2.47972661595,3,0,0,267
998,0.8875235574,1.91686039918,3,0,0,264
999,1.1405283524,1.69374787246,12,0,0,316
1000,1.08658809635,1.75296937379,11,0,0,315
1001,1.28072899393,2.20331941382,10,0,0,167
1002,1.08305440913,1.9961011987,6,0,0,60
1003,1.25326078154,1.40461169866,-4,0,1,190
1004,1.06120571444,1.84373028643,15,0,0,151
1005,1.24500119189,1.51521017699,12,0,0,281
1006,1.12747195593,1.62324635092,13,0,0,191
1007,1.12589795791,1.72299271108,14,0,0,309
1008,1.17987512252,2.36442799299,6,0,0,262
1009,1.27181369603,2.32888970828,11,0,0,221
1010,1.01713441569,1.78731941077,9,0,0,277
1011,1.21562169012,2.39436759524,7,0,0,218
1012,1.10794764749,1.7043051547,11,0,0,292
1013,1.17289309496,2.07946733569,8,0,0,152
1014,1.26277016233,1.53825051393,14,0,0,329
1015,1.11009584857,1.70095134124,10,0,0,251
1016,1.14787102464,1.67476079098,-4,0,1,134
1017,1.17931531787,2.48562191594,-3,0,0,259
1018,1.26465659618,5.61081736221,1,0,1,103
1019,1.28730702689,1.54546679622,8,0,0,517
1020,1.27927275286,1.49549747575,10,0,0,371
1021,1.16420941488,1.57435239405,11,0,0,242
1022,1.08094294787,1.68159842341,10,0,0,403
1023,1.05154100162,1.68902599014,10,0,0,393
1024,1.15645522004,1.69940950882,14,0,0,264
1025,1.24344499564,1.52700853125,10,0,0,245
1026,1.1991225269,1.53931508792,14,0,0,293
1027,1.21468794391,1.65083293737,10,0,0,402
1028,0.759639639773,1.96156763232,3,0,0,415
1029,1.25564421273,1.56983763309,9,0,0,374
1030,0.878587794784,1.94195203902,7,0,0,381
1031,0.959257794363,1.84816928366,11,0,0,341
1032,1.32915931475,2.28722551918,13,0,0,271
1033,1.2755424343,5.37869755375,1,0,1,160
1034,1.33897877854,1.44009786887,11,0,0,481
1035,1.27653237548,2.2572930187,12,0,0,324
1036,0.873731941888,2.04552286423,2,0,1,272
1037,0.833053384659,1.96018627465,8,0,0,319
1038,1.0338675805,1.76189564453,12,0,0,452
1039,1.10514921802,1.71017143829,10,0,0,388
1040,1.14091398135,1.60848200357,12,0,0,333
1041,1.3089601506,2.1945094369100002,10,0,0,226
1042,0.809936288816,1.96096153574,4,0,0,490
1043,0.785543909162,1.96187281958,10,0,0,439
1044,1.28431001897,1.50842063481,7,0,0,185
1045,0.811218476672,1.9614544939,6,0,0,378
1046,0.88894474717,1.91009308294,4,0,0,425
1047,1.21839609715,2.02393473762,10,0,0,83
1048,1.30305273912,2.29135494302,11,0,0,312
1049,1.02681749382,3.96063282346,2,0,1,124
1050,1.23169587053,1.53702114988,7,0,0,235
1051,1.14669607386,1.66552470121,11,0,0,521
1052,1.13995906625,1.71468780353,9,0,0,306
1053,1.22716018187,2.19002686819,10,0,0,297
1054,1.21652103696,1.60201563143,11,0,0,430
1055,1.18143943101,1.65939397378,10,0,0,444
1056,1.15403121316,2.1267157054,13,0,0,326
1057,1.28107792738,2.19059332246,11,0,0,146
1058,1.16020936463,2.03973373788,12,0,0,155
1059,1.15083829374,1.74128517132,13,0,0,532
1060,1.15216664389,1.62230792134,15,0,0,181
1061,0.843937563421,1.96064225712,5,0,0,321
1062,1.18185001959,1.51770209448,12,0,0,193
1063,1.26559719879,4.49065536475,2,0,1,118
1064,1.09416143045,2.03922041106,11,0,0,86
1065,1.11285346712,1.79286833134,4,0,0,102
1066,1.10981728775,1.6933523287,12,0,0,197
1067,1.33307293948,2.19948539106,-4,0,1,147
1068,1.14526031392,1.64465669694,13,0,0,305
1069,1.22693138199,1.46531978414,0,0,1,191
1070,1.406725889,1.41840817195,10,0,0,543
1071,0.803001126461,1.95991294978,3,0,0,364
1072,1.0969705778,1.75594989118,11,0,0,257
1073,1.28188621736,1.54126917703,9,0,0,335
1074,0.992288543524,1.95630530973,11,0,0,708
1075,1.30493133888,2.47278530392,-3,0,0,337
1076,0.978164097321,1.9575567304,5,0,0,73
1077,1.38684035466,2.47279497819,-3,0,0,348
1078,0.935307226522,1.93235485883,9,0,0,166
1079,1.66552338887,2.32833799061,2,1,1,76
1080,0.952639468432,1.86332246171,7,0,0,395
1081,1.26730428911,1.52974675016,12,0,0,411
1082,1.31248916175,1.46833638337,9,0,0,391
1083,1.24694731489,2.41089607259,10,0,0,248
1084,1.17598598091,1.62074271573,9,0,0,392
1085,1.10444381815,1.75213323592,8,0,0,503
1086,1.19245353998,2.10424050812,10,0,0,202
1087,1.1012303512,6.20193479802,2,0,1,128
1088,1.1535992862,1.60755552088,11,0,0,349
1089,1.17481264242,2.44908867921,10,0,0,164
1090,1.07335190798,1.80320559171,9,0,0,308
1091,1.28087526345,2.3854880911,13,0,0,274
1092,1.43696154354,2.31771490998,9,0,0,296
1093,0.857744576231,1.93255175642,3,0,0,294
1094,0.923360515978,0.959875777278,3,0,0,536
1095,1.144603507,2.69971862132,1,0,1,83
1096,1.17487001713,1.57546949106,14,0,0,212
1097,1.09173869238,1.75368298666,8,0,0,405
1098,0.959224045946,1.85177598049,13,0,0,359
1099,1.14010621012,4.08895235935,3,0,0,68
1100,1.286800109,1.49139918425,10,0,0,459
1101,1.03714679398,6.38146974819,1,0,1,164
1102,1.22094016489,2.34775858035,9,0,0,155
1103,1.27617029695,2.89184395905,9,0,0,388
1104,1.17711288499,2.12909241755,11,0,0,247
1105,1.21397106597,2.18951870292,11,0,0,284
1106,1.0972680507300001,1.75893217996,14,0,0,414
1107,1.22837858649,1.59285547149,12,0,0,276
1108,1.27922975962,2.47247820319,8,0,0,579
1109,1.16251337183,1.61958941205,15,0,0,212
1110,1.21406263112,1.59180040707,10,0,0,388
1111,1.10612679955,1.62136679427,13,0,0,244
1112,1.13167387591,1.67481681669,7,0,0,743
1113,1.21013295021,2.31804968662,12,0,0,241
1114,1.15427258604,1.57741656506,13,0,0,250
1115,1.22571016415,1.63936297693,7,0,0,533
1116,1.26577531597,2.48956627172,-3,0,0,275
1117,1.20958011461,1.5235347492,8,0,0,224
1118,1.26986807235,1.45653407479,5,0,0,373
1119,1.34453498984,1.45372674992,10,0,0,410
1120,1.18705271953,3.98330935456,0,0,1,75
1121,1.34952443599,2.2870278471,10,0,0,205
1122,0.963445409415,1.879950653,5,0,0,175
1123,1.21160040089,2.53529053202,6,0,0,119
1124,1.2811152485,2.3445314383800002,11,0,0,247
1125,1.1376789624799999,2.0367122705,12,0,0,130
1126,0.989935728302,1.81610874359,10,0,0,309
1127,1.03474639068,1.81918641329,8,0,0,224
1128,1.19179651679,1.62169464122,8,0,0,465
1129,1.21715160326,4.48073624676,0,0,1,125
1130,1.2675106674,1.52120666303,11,0,0,375
1131,0.899699978486,1.93381633608,11,0,0,403
1132,0.948311513653,1.86093353556,12,0,0,304
1133,1.33317286413,2.33178173561,9,0,0,390
1134,1.24958023177,2.26167323449,9,0,0,142
1135,1.10374928951,1.59907709974,14,0,0,177
1136,1.04853814659,1.76715766194,5,0,0,357
1137,1.30928816005,1.52287359256,9,0,0,262
1138,0.979547198659,1.9577305045,11,0,0,96
1139,1.24418444543,2.23375453823,12,0,0,258
1140,1.17023066535,4.07448278795,0,0,1,100
1141,1.20379010534,2.58152809785,10,0,0,332
1142,1.26782997203,1.49908176217,8,0,0,370
1143,1.31266261832,2.24548477908,11,0,0,298
1144,1.38303647002,2.44647012088,7,0,0,503
1145,1.06874775791,1.770144196,5,0,0,470
1146,0.942315533059,1.95768898213,15,0,0,208
1147,0.942042929457,1.90409288742,8,0,0,226
1148,1.04985809851,1.72503332672,8,0,0,517
1149,1.00245723009,1.75788361739,9,0,0,514
1150,1.2388857546,2.39122601695,8,0,0,340
1151,1.24431690979,1.47196550037,-4,0,1,395
1152,1.21917637966,2.76845411553,1,0,1,270
1153,1.25198635766,2.46286459922,3,0,0,296
1154,1.26802122263,2.44947127285,8,0,0,256
1155,1.01673895049,1.75620945155,7,0,0,407
1156,1.15370885682,1.67979125453,6,0,0,481
1157,1.21949606068,1.58868794326,9,0,0,293
1158,1.30401345141,1.44369747899,8,0,0,452
1159,1.13653032552,1.64815287527,8,0,0,446
1160,1.20535556635,1.57153393376,11,0,0,333
1161,1.24014749955,2.44915188104,8,0,0,439
1162,1.25351172474,1.52883394682,11,0,0,354
1163,1.26261379533,2.75544557264,10,0,0,266
1164,1.07781138472,1.73342882265,12,0,0,306
1165,1.18354149458,1.60267910961,10,0,0,312
1166,1.21436789722,1.61701916464,11,0,0,418
1167,1.08797344563,1.73020588152,7,0,0,425
1168,1.01098908672,1.82467509448,9,0,0,349
1169,1.15590437556,2.06558097655,12,0,0,203
1170,1.33140967118,1.54999219869,12,0,0,310
1171,1.12714185789,1.60657782818,14,0,0,164
1172,1.16865830044,1.56811123559,12,0,0,214
1173,1.21785261127,2.48828437941,9,0,0,184
1174,1.00788141168,1.81321633365,12,0,0,181
1175,1.22333374692,2.50461318072,7,0,0,465
1176,1.26564490808,2.35926611228,10,0,0,194
1177,1.24382748196,1.53546199892,10,0,0,514
1178,1.17554152727,1.63753322701,13,0,0,193
1179,1.18195215425,1.61581380181,15,0,0,239
1180,0.837056392722,1.95337676423,12,0,0,435
1181,1.06204665566,1.72832853557,10,0,0,399
1182,1.30691462423,2.46011260654,7,0,0,332
1183,1.09944577452,2.05661995591,5,0,0,168
1184,1.19099988814,2.13612732547,12,0,0,260
1185,1.28391040442,2.52589876004,5,0,0,635
1186,1.11800820392,2.02937443722,-3,0,0,274
1187,1.3255030243,2.76502034855,8,0,0,320
1188,1.24653593963,1.54662477482,7,0,0,374
1189,1.31370997699,2.30715607781,11,0,0,271
1190,1.35506026316,2.31861111505,12,0,0,351
1191,0.874719967086,1.96098529151,4,0,0,301
1192,1.03540467134,1.80699553477,11,0,0,259
1193,1.10370577579,1.71914438048,11,0,0,233
1194,0.989690456545,1.89937066803,10,0,0,100
1195,1.31170560439,1.51042161625,9,0,0,322
1196,1.15403248061,1.60747988231,11,0,0,196
1197,1.0788990262,1.73277066563,7,0,0,553
1198,1.324217298,5.49695526112,-3,0,0,193
1199,0.865114797461,1.9303542188,10,0,0,326
1200,0.95408676075,1.94946723665,1,0,1,224
1201,1.33439118725,2.21963064053,14,0,0,153
1202,0.924778256322,1.9169224009,11,0,0,143
1203,1.31566457833,2.87776997752,6,0,0,377
1204,1.08486109445,1.72574480005,8,0,0,416
1205,1.34548198379,2.59780433456,6,0,0,469
1206,0.884338867713,1.95543536817,6,0,0,232
1207,0.946704379884,1.85703753066,11,0,0,345
1208,1.0602231496,1.75362113338,11,0,0,326
1209,1.28494208952,2.46180294631,10,0,0,236
1210,1.21972924054,2.41827011698,6,0,0,131
1211,0.891311520376,1.9465569308,7,0,0,269
1212,1.09597413851,2.03520567376,-3,0,0,297
1213,1.33061293499,2.439128523,7,0,0,310
1214,1.07318897898,1.76381613921,11,0,0,299
1215,1.29987682773,1.45076695056,11,0,0,383
1216,1.11475378886,1.63010581973,16,0,0,219
1217,1.20640030518,1.5607216078,10,0,0,429
1218,1.18239196516,1.68136114814,10,0,0,310
1219,1.10497655315,1.75011521799,9,0,0,414
1220,1.00025011517,1.80047628835,9,0,0,338
1221,1.06277770886,1.73130846092,8,0,0,421
1222,1.31122357746,2.24863837513,13,0,0,242
1223,0.781019567331,2.02040150849,3,0,0,518
1224,1.15110891507,1.64524363265,10,0,0,344
1225,1.0056625653,1.81647292316,16,0,0,186
1226,1.14209033992,1.61323416806,13,0,0,225
1227,0.806072731446,1.95211321531,3,0,0,501
1228,1.25041599051,2.0899509526,12,0,0,97
1229,1.0481229325800001,1.75522616592,12,0,0,176
1230,1.0642106462,1.80147710278,12,0,0,233
1231,1.30318963219,2.38106279782,10,0,0,268
1232,1.25886448742,1.51849829836,9,0,0,356
1233,1.22934470322,1.5958109095,8,0,0,327
1234,1.00847443012,1.79117957734,12,0,0,264
1235,1.3013222853,2.34573336736,11,0,0,288
1236,1.1704319346,1.65110045947,8,0,0,334
1237,1.28235378237,2.26259847265,11,0,0,256
1238,1.07074486605,1.70450999858,9,0,0,273
1239,1.09483261535,1.76014945903,10,0,0,297
1240,0.934718618688,1.90897493143,6,0,0,179
1241,1.34022663162,2.31594815661,11,0,0,230
1242,1.15603331734,1.62125970297,9,0,0,180
1243,1.2795321137,2.4618636254,3,0,0,416
1244,1.36665461158,2.18997284786,4,0,0,158
1245,1.15300507713,1.59539403734,13,0,0,175
1246,1.0292526646,1.8214126236,17,0,0,215
1247,1.10379391283,6.76312880044,1,0,1,60
1248,1.15498154772,1.65142727492,12,0,0,300
1249,1.23200265223,1.94302662632,8,0,0,58
1250,0.937199612495,1.92902713585,5,0,0,178
1251,1.04671583069,1.74306333385,15,0,0,158
1252,1.16048170761,1.71889799507,10,0,0,224
1253,1.22877322205,1.96866957354,1,0,1,76
1254,1.16446077683,1.67066386013,3,0,0,141
1255,0.917312618038,1.95735903888,13,0,0,96
1256,1.11397701159,1.71757132324,13,0,0,209
1257,1.10339367863,1.61456981814,9,0,0,309
1258,0.895438012029,1.94406327966,6,0,0,100
1259,1.08654132663,1.75195106219,11,0,0,129
1260,1.26350806472,1.52928328807,11,0,0,298
1261,1.23898240621,2.47357971467,3,0,0,245
1262,1.1624848087,1.5838669191,12,0,0,204
1263,0.999946469505,1.83119901918,12,0,0,78
1264,0.948727380901,1.95615352997,4,0,0,131
1265,1.22901927988,4.01212597979,0,0,1,86
1266,1.26229993544,1.80687738798,-4,0,1,138
1267,1.21208559723,2.08096213404,9,0,0,97
1268,1.0533494273,1.72412057452,9,0,0,208
1269,1.00800318927,1.86650743476,8,0,0,153
1270,1.30786475735,2.41124260355,9,0,0,373
1271,0.997341935592,1.876510657,15,0,0,141
1272,0.823370817422,1.96244780479,1,0,1,399
1273,1.04194840313,1.77203479346,10,0,0,258
1274,1.22292135376,1.52238107395,12,0,0,374
1275,1.3249679485,2.26537166354,10,0,0,279
1276,0.874597845038,1.95023105491,6,0,0,214
1277,1.18135014092,1.54820793996,7,0,0,414
1278,1.19885404804,1.50230846152,9,0,0,383
1279,1.18793339539,2.88255233449,4,0,0,200
1280,0.925084625615,1.95971028256,2,0,1,148
1281,1.24050679823,2.38514591116,11,0,0,200
1282,1.26442945275,2.67566704966,3,0,0,300
1283,1.27198754424,1.57449525404,9,0,0,577
1284,1.0450198743,2.0257522902,-3,0,0,391
1285,1.09157556076,1.71825453102,10,0,0,516
1286,1.11152249958,1.646769414,10,0,0,182
1287,1.29947194848,1.48004881371,9,0,0,379
1288,1.16881737237,2.00091429705,10,0,0,75
1289,1.37755575246,2.37456474409,11,0,0,255
1290,1.25952277895,2.18375853294,8,0,0,205
1291,1.17259608608,1.65184192615,12,0,0,267
1292,1.2535390898,2.1806085538,13,0,0,384
1293,1.26698287251,1.63291139241,12,0,0,411
1294,1.1460074846,2.08319685787,11,0,0,264
1295,1.35740462817,2.77517009457,6,0,0,380
1296,1.21719765342,1.60262584851,10,0,0,419
1297,1.18356588539,1.58640736776,12,0,0,235
1298,1.3263546675,0.961518287496,-4,0,1,177
1299,0.942916189753,1.87905707196,9,0,0,330
1300,1.16229811782,1.53810695619,13,0,0,264
1301,1.30606165175,2.33764014268,-3,0,0,401
1302,1.35525312569,1.52859342078,12,0,0,451
1303,1.17296117885,1.54964229752,7,0,0,219
1304,0.982099247936,1.95767012034,8,0,0,113
1305,1.05391029059,1.71260587589,12,0,0,181
1306,0.858748400957,1.95971812613,4,0,0,305
1307,1.30269003633,2.35048343276,10,0,0,396
1308,0.780583259851,1.96004537881,3,0,0,443
1309,1.16990018085,2.09308523835,9,0,0,117
1310,1.26865341022,2.36811425654,11,0,0,253
1311,1.39559445417,7.48049425426,0,0,1,214
1312,1.01857685562,1.79284139486,10,0,0,265
1313,1.31984381307,2.67585742153,3,0,0,436
1314,1.18226187895,1.60349668198,12,0,0,354
1315,1.19978771974,1.58513942867,7,0,0,455
1316,1.38887996467,2.35037319787,9,0,0,463
1317,1.10050469533,1.73458234093,13,0,0,288
1318,1.12685348146,1.71534109439,8,0,0,283
1319,1.23369682312,1.58211674951,15,0,0,379
1320,1.2487732275,2.33827461717,8,0,0,427
1321,1.24444456442,1.6483418304,12,0,0,411
1322,1.30329667819,2.20457077175,11,0,0,360
1323,1.23016112169,1.46122199997,10,0,0,342
1324,1.31311333353,1.89622547908,9,0,0,77
1325,1.27035097901,2.53721921568,9,0,0,332
1326,1.04599211538,1.77200978134,12,0,0,147
1327,1.20028164657,1.51669184451,9,0,0,338
1328,1.30397060414,2.28332376111,12,0,0,256
1329,1.24827611634,0.962699683908,-4,0,1,139
1330,1.06950131282,2.01173334468,12,0,0,239
1331,1.13701620611,2.06186495359,10,0,0,116
1332,1.2929404336,2.80599692284,6,0,0,302
1333,1.13196279429,2.06519518838,12,0,0,355
1334,0.877527576907,1.96293880792,20,0,0,324
1335,1.09222858965,1.72772449189,12,0,0,288
1336,1.15949895723,1.66591966413,12,0,0,418
1337,0.850421346439,1.9273580625,5,0,0,451
1338,1.24093229782,2.22977353164,12,0,0,299
1339,1.31379613138,2.31445291718,8,0,0,349
1340,1.2612401021,2.48711221415,8,0,0,175
1341,0.932263900351,1.89398238123,8,0,0,506
1342,1.22992875763,1.60240639247,11,0,0,371
1343,1.18277580219,1.60577939538,12,0,0,340
1344,1.11024998949,1.68527853998,9,0,0,288
1345,1.28797573782,2.42216435596,6,0,0,316
1346,1.28761579853,2.31944877869,8,0,0,223
1347,1.29565022971,2.30203230997,7,0,0,177
1348,0.821215655153,1.96214350024,5,0,0,363
1349,1.0942449957,2.11878772404,13,0,0,458
1350,0.976780834385,1.95682000184,7,0,0,58
1351,1.22317588808,2.47468919666,10,0,0,182
1352,1.28759654514,1.5142387228,11,0,0,233
1353,1.29571988172,1.55407514615,7,0,0,643
1354,1.06277348945,1.6862892422,10,0,0,180
1355,1.28901470216,2.20832594966,4,0,0,166
1356,1.29163201423,1.55609932549,13,0,0,397
1357,1.22522928226,1.54067141692,8,0,0,209
1358,1.10643093935,1.67024362566,8,0,0,327
1359,1.16716452992,0.953260892679,2,0,1,90
1360,1.14502400036,1.66011249902,12,0,0,381
1361,1.05154817093,1.99316102422,0,0,1,90
1362,1.03781863263,1.79451248901,12,0,0,253
1363,1.01718527833,1.80700037583,8,0,0,206
1364,0.934745309956,1.927848864,10,0,0,305
1365,1.12311476393,1.69271176708,10,0,0,139
1366,1.01985263068,1.77712312644,9,0,0,486
1367,1.26455847808,2.25040593912,11,0,0,265
1368,1.06263541087,1.75503101187,12,0,0,266
1369,0.988809316548,1.86086377042,7,0,0,244
1370,1.22101809272,2.43523988511,-3,0,0,259
1371,0.835846992611,1.95320066076,10,0,0,452
1372,1.18049900613,2.54531143635,4,0,0,286
1373,0.871016479877,1.96556881983,7,0,0,345
1374,1.12889059905,1.53669968729,11,0,0,164
1375,0.890497672226,1.92326611617,6,0,0,200
1376,1.1914594548,1.64969552611,10,0,0,172
1377,1.09856952367,1.68530358231,12,0,0,223
1378,1.3469924013,7.82058316851,1,0,1,176
1379,1.29671528049,2.30643297244,-4,0,1,197
1380,1.33995140562,2.32335129769,10,0,0,341
1381,1.36515006222,2.46547824176,7,0,0,369
1382,0.804731424761,1.9627957096,2,0,1,333
1383,1.30852098255,2.28540736014,10,0,0,202
1384,1.30030873647,2.30782978723,14,0,0,226
1385,1.2752027499,2.18168865323,7,0,0,211
1386,0.813396520844,1.96118012422,2,0,1,366
1387,1.04452963304,1.71250070914,8,0,0,357
1388,1.25236475812,2.4483504482,7,0,0,268
1389,0.772478118129,1.96112690838,4,0,0,526
1390,1.03901954836,1.73080821326,15,0,0,138
1391,0.7972570087,1.96143320998,7,0,0,437
1392,1.31906857463,2.67584073998,9,0,0,391
1393,0.838239061725,1.9537236607,15,0,0,405
1394,1.21078473349,2.18699359888,14,0,0,168
1395,0.783449734026,1.96276995505,3,0,0,493
1396,1.27662225981,2.27935630228,7,0,0,158
1397,1.002891856,1.82151185456,12,0,0,138
1398,0.782009813111,1.96137022622,3,0,0,418
1399,1.13415396601,6.26653009725,0,0,1,89
1400,0.817548159415,1.93801356994,6,0,0,499
1401,1.32310863843,2.2996434925,5,0,0,164
1402,0.841925024711,1.95571136886,3,0,0,405
1403,1.16472103676,2.12076482974,9,0,0,189
1404,1.24287569665,1.48236170213,9,0,0,343
1405,1.31180828974,2.15692056853,7,0,0,193
1406,1.13322454679,2.03992938624,10,0,0,246
1407,1.26259351998,1.63106830545,10,0,0,382
1408,1.22863762029,2.45933737076,5,0,0,296
1409,1.20873546676,1.60745873792,12,0,0,380
1410,1.07005816032,1.63672462206,11,0,0,279
1411,1.02089374633,1.82701932484,12,0,0,424
1412,1.2589346595,1.42920055882,10,0,0,454
1413,0.95303678452,1.86446457943,9,0,0,487
1414,1.03733733647,2.00119072088,11,0,0,132
1415,0.836885089649,1.95883633064,1,0,1,336
1416,1.27909996059,2.36272486829,11,0,0,259
1417,1.28669709677,2.14807907762,9,0,0,179
1418,1.40571665885,2.19870635545,8,0,0,344
1419,1.16450036355,1.6014107472,14,0,0,199
1420,0.926176338175,1.94834515953,15,0,0,410
1421,0.840985589314,1.96054338809,3,0,0,443
1422,1.23892459832,4.31513016107,2,0,1,112
1423,1.33519448914,2.293371525,9,0,0,198
1424,1.06258839843,1.74717754517,12,0,0,355
1425,0.923133552298,1.9566184965,7,0,0,122
1426,1.20343766646,2.5173804848,2,0,1,106
1427,1.23510391764,2.34662422279,11,0,0,258
1428,1.21108096303,6.65481362828,0,0,1,64
1429,1.28979209008,7.10998872892,1,0,1,165
1430,0.859639849684,1.95908066186,4,0,0,295
1431,1.16693247222,1.58270988604,12,0,0,247
1432,1.11973193721,2.06161547406,-3,0,0,316
1433,1.11356964564,1.59062847746,6,0,0,144
1434,1.00486215329,1.83586850201,15,0,0,264
1435,0.833888802209,1.96175553035,3,0,0,332
1436,1.26623091945,2.13746447328,5,0,0,138
1437,0.87882438349,1.94112101839,4,0,0,328
1438,0.933610755876,1.85468352276,8,0,0,429
1439,1.30697912634,2.17101178072,8,0,0,146
1440,1.23378266684,1.51295939201,7,0,0,225
1441,1.23328218279,2.66591939386,11,0,0,359
1442,1.14316616127,1.72387138866,12,0,0,230
1443,1.04985847206,1.74690067267,11,0,0,148
1444,1.26083770651,2.62170847284,6,0,0,326
1445,1.11512125956,1.56090747962,11,0,0,246
1446,1.16758074046,1.66666666667,11,0,0,302
1447,1.11524953678,1.70476035098,8,0,0,425
1448,1.25461411965,2.17572301888,-3,0,0,348
1449,1.08456237216,2.04356147875,13,0,0,335
1450,1.21581670759,1.57629028942,9,0,0,250
1451,0.885001879858,1.96023927311,1,0,1,189
1452,1.31692806525,2.2998127633,9,0,0,254
1453,1.2080661679,1.55422763478,11,0,0,306
1454,0.996663167522,1.83418873703,8,0,0,400
1455,1.36895028963,2.13666071226,-4,0,1,132
1456,1.03073807414,1.78402654209,12,0,0,269
1457,1.08514641044,1.69904922612,11,0,0,251
1458,1.22661086097,2.12029723329,13,0,0,173
1459,0.854179498827,1.95932717594,3,0,0,283
1460,1.06328764423,1.74220949113,8,0,0,409
1461,1.11545601679,1.67946545674,11,0,0,297
1462,1.25205930863,1.57521044458,10,0,0,385
1463,1.29427974805,2.19157443973,8,0,0,241
1464,0.923698929022,1.96189450107,11,0,0,147
1465,1.32004132205,2.24732036522,10,0,0,177
